{
    "angle": -45,
    "y_0": [
        18.21,
        26.71,
        34.89,
        51.45,
        71.13,
        83.64999999999999,
        93.69,
        113.17999999999999,
        124.05999999999999
    ]
}