{
    "angle": 56,
    "y_0": [
        10.76,
        25.810000000000002,
        43.05,
        60.15,
        74.65,
        90.82000000000001,
        102.66000000000001,
        116.77000000000001,
        133.94,
        150.07999999999998
    ]
}