{
    "angle": 16,
    "y_0": [
        14.59,
        25.310000000000002,
        42.2,
        51.77,
        61.75,
        72.99,
        85.78999999999999,
        103.61999999999999,
        113.80999999999999,
        128.25
    ]
}